Nazwa_kategorii,Ilość_bezpośrednich_artykułów,Ilość_bezpośrednich_subkategorii,Ilość_subkategorii ,Ilość_artykułów,Liczba_wersji_językowych,Liczba_wyświetleń_strony_kategorii_w_2019,Liczba_wyświetleń_artykułów_11.08.2019,Suma_punktów
Bosna_i_Hercegovina,24,23,957,12746,158,0,3,13911
Povijest_Europe,5,42,1623,23180,134,0,1,24985
Povijest_po_državama,11,101,1867,25692,122,0,1,27794
Književnost,83,26,443,10985,208,0,3,11748
Hrvatski_književnici,765,13,47,2020,51,0,1,2897
Romanopisci,91,4,7,309,64,0,4,479
Esejisti,71,5,7,298,55,0,1,437
Pjesnici,207,12,16,1233,147,0,1,1616
Društvene_znanosti,42,21,12485,148880,160,0,1,161589
Religija,68,19,883,9833,240,0,2,11045
Tradicija,0,4,773,9428,93,0,2,10300
Primijenjene_znanosti,39,22,4342,62429,117,0,4,66953
Tehničke_znanosti,3,3,267,4342,0,0,3,4618
Filmska_umjetnost,73,19,552,8332,146,0,1,9123
Umjetnička_djela,6,7,728,7995,68,0,1,8805
Države_u_Sjevernoj_i_Srednjoj_Americi,0,23,1010,20107,0,0,2,21142
Mliječni_put,9,1,41,1163,71,0,1,1286
Bolje_osmisliti_kategorizaciju,0,22,1632,20108,0,0,1,21763
Kalendar,57,15,482,22631,161,0,38,23384
Politička_geografija,18,6,10894,120736,102,0,1,131757
Kultura,96,36,8187,86711,210,0,3,95243
Pretrpane_kategorije,0,22,11353,129673,0,0,7,141055
Sukobi,4,4,292,5047,52,0,8,5407
Vojna_povijest,46,11,431,5993,79,0,2,6562
Društvo,93,27,14628,152411,187,0,1,167347
Hrvatska_povijest,143,30,961,15472,76,0,2,16684
Hrvatski_znanstvenici,120,29,37,1807,44,0,4,2041
Povjesničari_po_državama,0,29,44,703,73,0,3,852
Prirodne_znanosti,32,13,16094,170117,150,0,7,186413
Biologija,93,32,8794,71966,220,0,1,81106
Humanističke_znanosti,7,4,8099,87497,103,0,7,95717
Hrvati,40,9,225,5358,39,0,2,5673
Hrvatska,39,29,2529,39161,175,0,3,41936
Jezikoslovlje,107,24,1519,9092,178,0,6,10926
Južnoslavenski_jezici,17,7,24,577,56,0,1,682
Države_u_Europi,0,50,7462,84639,192,0,3,92346
Scenska_umjetnost,17,9,71,2822,78,0,1,2998
Kršćanstvo,172,31,607,6916,209,0,2,7937
Životopisi,6,47,4038,41454,208,0,3,45756
Elektromagnetizam,96,2,33,627,100,0,1,859
Tehnologija,158,23,867,12462,165,0,1,13676
Gramatika,36,7,11,329,123,0,1,507
Znanje,3,4,17939,181182,105,0,7,199240
Umjetnost,54,22,4410,61900,206,0,2,66594
Likovna_umjetnost,88,19,2343,36451,103,0,2,39006
Onomastika,19,1,6,266,68,0,1,361
Povijesna_znanost,36,9,1079,34759,5,0,4,35892
Znanstvenici,18,36,346,4676,151,0,5,5232
Hrvatski_jezik,99,9,16,437,57,0,1,619
Jezikoslovci,59,5,28,311,116,0,3,522
Politika_Hrvatske,57,11,863,20866,56,0,1,21854
Političari_po_državama,0,71,250,3010,101,0,2,3434
Politika,322,27,11044,122015,212,0,1,133621
Povijest,45,38,4737,68091,234,0,1,73146
Vojna_oprema,2,6,154,1636,72,0,3,1873
Osječko-baranjska_županija,15,10,65,1407,27,0,1,1525
Popisi_(Hrvatska),28,4,38,843,24,0,2,939
Dramatici,50,4,7,250,95,0,1,407
Umjetnici,14,15,1094,15021,123,0,1,16268
Glazba,138,36,1081,12079,217,0,1,13552
Znanost,65,33,17936,181151,239,0,7,199431
Glazbenici,23,14,499,5947,155,0,1,6639
Glazbenici_po_instrumentu,0,10,100,2504,68,0,3,2685
Baranjski_leksikon,206,5,26,665,1,0,1,904
Gradovi_u_Osječko-baranjskoj_županiji,3,7,42,930,8,0,1,991
Hrvatska_umjetnost,30,8,394,9636,20,0,1,10089
Umjetnici_po_državama,0,60,788,13765,84,0,3,14700
Plemstvo,86,18,166,2299,84,0,2,2655
Povijest_Bosne_i_Hercegovine_1102.-1463.,57,2,7,100,0,0,4,170
Vladari,128,14,201,2750,47,0,1,3141
Hercegbosanska_županija,13,7,13,417,10,0,2,462
Općine_u_Federaciji_Bosne_i_Hercegovine,55,52,106,2297,10,0,1,2521
Hrvatska_scenska_umjetnost,12,1,8,873,1,0,2,897
Hrvatski_umjetnici,35,13,141,5537,26,0,1,5753
Kazalište,83,14,41,2054,140,0,1,2333
Filmski_umjetnici,12,9,132,3289,8,0,1,3451
Glumci,1,4,130,2903,163,0,2,3203
Državni_simboli,4,5,17,550,19,0,2,597
Grbovi,57,6,33,286,68,0,1,451
Automobili,35,7,134,1210,106,0,1,1493
Proizvođači_vozila,16,5,98,708,36,0,1,864
Scenaristi,49,1,8,263,76,0,3,400
Cestovna_vozila,29,6,149,1528,35,0,1,1748
Klase_automobila,15,13,13,241,37,0,1,320
Cestovni_promet,35,4,167,1831,63,0,1,2101
Kopnena_vozila,8,4,187,2045,35,0,1,2280
Književni_žanrovi,17,8,149,2503,87,0,5,2769
Naselja,17,6,1545,41244,106,0,3,42921
Urbana_geografija,17,4,1321,26816,56,0,2,28216
Urbanizam,34,4,1320,26789,71,0,3,28221
Države_svijeta,3,18,10835,120059,222,0,1,131138
Gradovi,12,8,1303,26627,184,0,2,28136
Hrvatska_vojna_povijest,131,8,77,1911,21,0,2,2150
Povijest_neovisne_Hrvatske,52,7,67,1921,1,0,1,2049
Ratovi,124,19,286,4903,99,0,1,5432
Valpovo,1,3,4,91,3,0,1,103
Pravedna_uporaba,0,22,56,3,42,0,2,125
Animirani_film,12,11,69,750,93,0,2,937
Filmovi_po_žanrovima,0,24,67,1552,83,0,2,1728
Podnacionalni_entiteti,50,78,1759,41035,59,0,1,42982
Zemljopis_SAD-a,36,12,223,7906,111,0,1,8289
Slike_prema_autorskom_pravu,0,6,89,7,43,0,2,147
Gradovi_po_državama,1,129,1185,25686,103,0,2,27106
Vodene_mase,34,8,528,6941,98,0,1,7610
Geologija,73,22,10762,120982,165,0,3,132007
Geomorfologija,62,19,10723,120443,84,0,1,131332
Televizija,34,12,183,4154,143,0,1,4527
Glazba_po_žanru,0,12,248,3421,43,0,2,3726
Potreban_bolji_naslov_kategorije,0,30,794,10899,0,0,2,11725
Općine_po_državama,2,10,330,8167,37,0,1,8547
Zemljopis_Hrvatske,68,30,903,22300,84,0,1,23386
Administrativne_podjele,7,4,1806,43083,75,0,1,44976
Simboli,59,7,67,861,112,0,1,1107
Športovi,32,56,2555,20676,93,0,7,23419
Države_u_Aziji,0,50,1454,12591,183,0,2,14280
Zaštićena_područja,60,8,46,599,69,0,1,783
Prirodni_sateliti,12,6,8,224,83,0,4,337
Saturn,7,1,1,66,82,0,1,158
Jupiter,10,1,1,74,86,0,4,176
Neptun,3,1,1,17,76,0,0,98
Nebeska_tijela,30,17,117,3844,105,0,1,4114
Sunčev_sustav,41,8,40,1142,154,0,1,1386
Uran,4,1,1,30,78,0,2,116
Astronomija,162,23,265,10773,215,0,1,11439
Indoeuropska_mitologija,5,7,34,646,23,0,5,720
Slavenska_kultura,17,2,31,433,38,0,6,527
Stara_Grčka,48,12,63,689,108,0,8,928
Starogrčka_književnost,16,3,22,385,69,0,5,500
Stari_Rim,139,18,120,1724,104,0,2,2107
Japanska_kultura,32,4,58,521,97,0,1,713
Mitologija,89,17,61,955,144,0,5,1271
Religija_u_Japanu,3,2,4,43,56,0,6,114
Održavanje_Wikipedije,0,60,19442,192220,103,0,7,211832
Matematika,142,19,56,861,227,0,1,1306
Fizika,92,23,1099,36231,201,0,7,37653
Računalni_jezici,8,3,5,87,62,0,1,166
Bivše_države,241,21,487,5168,126,0,2,6045
Povijest_Armenije,38,5,43,747,78,0,1,912
Povijest_Azerbajdžana,16,5,43,741,81,0,1,887
Povijest_Bjelorusije,43,2,40,735,69,0,1,890
Povijest_Estonije,15,1,38,725,64,0,1,844
Povijest_Gruzije,54,2,39,733,75,0,1,904
Povijest_Kazahstana,6,2,40,735,66,0,1,850
Povijest_Kirgistana,9,1,38,725,59,0,1,833
Povijest_Latvije,14,1,38,725,63,0,1,842
Povijest_Litve,31,2,39,734,78,0,1,885
Povijest_Moldavije,12,2,40,735,61,0,1,851
Povijest_Rusije,147,10,53,905,113,0,1,1229
Povijest_Tadžikistana,7,2,40,735,60,0,1,845
Povijest_Turkmenistana,6,2,40,735,58,0,1,842
Povijest_Ukrajine,135,13,67,1276,81,0,3,1575
Povijest_Uzbekistana,8,2,40,735,67,0,1,853
Kronologija,3,5,972,33628,118,0,2,34728
Južni_Slaveni,12,7,265,5969,30,0,5,6288
Ekonomija,85,23,1344,18575,182,0,1,20210
Filozofija,106,17,1076,34825,199,0,7,36230
Religijske_tradicije_i_pokreti,18,15,713,8384,75,0,2,9207
Geografija,47,14,11185,122347,244,0,1,133838
Antička_povijest,32,7,202,2606,14,0,2,2863
Povijest_Grčke,48,8,72,807,102,0,8,1045
Političari,36,10,306,3504,158,0,2,4016
Enigmatika,13,1,1,20,53,0,1,89
Fizička_geografija,44,7,10742,120697,95,0,1,131586
Kiparstvo,42,7,51,1091,108,0,3,1302
Likovni_umjetnici,30,15,116,1760,22,0,1,1944
Znanost_i_tehnologija_u_Hrvatskoj,43,15,219,4446,29,0,5,4757
Znanstvenici_po_državama,0,38,221,3943,93,0,5,4300
Biskupi,122,8,21,703,90,0,1,945
Hrvatski_katolički_svećenici,504,1,4,288,14,0,1,812
Katoličanstvo_u_Hrvatskoj,126,16,46,1448,9,0,1,1646
Kemija,256,25,721,10165,210,0,1,11378
Žanrovi_rock_glazbe,23,3,129,1167,52,0,1,1375
Etnografija,25,7,2443,21766,84,0,2,24327
Publikacije,9,3,34,1735,71,0,2,1854
Tiskani_mediji,19,8,64,772,0,0,2,865
Hrvatska_kultura,25,9,433,10349,57,0,1,10874
Umjetnost_po_državama,3,39,1398,23519,83,0,1,25043
Srbija,51,20,764,8381,163,0,3,9382
Tercijarne_djelatnosti,4,3,175,2221,0,0,1,2404
Naselja_u_Srbiji,73,5,39,961,75,0,2,1155
Glazbenici_po_državama,0,51,386,5650,95,0,1,6183
Hrvatska_glazba,54,11,112,2595,36,0,1,2809
Književnost_po_državama,2,29,215,5060,96,0,3,5405
Meteorologija,109,7,12,431,139,0,1,699
Geofizika,14,4,14,243,92,0,1,368
Voda,49,5,542,7132,134,0,1,7863
Antropogeografija,21,9,10947,120959,87,0,1,132024
Etničke_grupe_Australije,25,2,5,80,39,0,1,152
Hrvatsko_iseljeništvo,66,34,77,1675,13,0,1,1866
Katoličanstvo,152,23,331,3747,99,0,1,4353
Sveta_Stolica,33,6,30,490,49,0,3,611
Vladari_po_državama,0,52,128,2130,15,0,1,2326
Američki_političari,34,15,15,147,118,0,3,332
Politika_SAD-a,65,5,17,185,97,0,3,372
Predsjednici_po_državama,2,33,34,282,72,0,1,424
Povijest_Sjeverne_Amerike,11,4,43,396,70,0,3,527
SAD,52,21,635,17244,235,0,3,18190
Komunikacije,75,15,428,9849,138,0,1,10506
Atletika,47,7,79,569,83,0,1,786
Športaši,0,38,1117,9893,117,0,2,11167
Povijest_istraživanja_i_otkrića,24,2,46,613,52,0,1,738
Glavni_gradovi_u_Europi,45,38,225,5556,110,0,7,5981
Gradovi_u_Hrvatskoj,3,27,558,11393,85,0,1,12067
Hrvatske_županije,24,24,775,19535,55,0,2,20415
Gradovi_u_Splitsko-dalmatinskoj_županiji,16,15,106,2649,10,0,2,2798
Organizacije,36,11,1354,27526,132,0,1,29060
Povijest_Crne_Gore_1989._-_2006.,16,2,4,49,0,0,24,95
Povijest_Srbije_1989._-_2006.,30,5,30,478,0,0,1,544
Hrvatski_glazbenici,229,14,44,1252,44,0,1,1584
Skladatelji_po_državama,0,17,17,561,78,0,2,675
Hrvatska_književnost,72,10,63,2599,31,0,1,2776
Književnici_po_državama,0,47,145,3891,103,0,1,4187
Kraljevina_Nizozemska,2,4,102,835,41,0,6,990
Etničke_grupe_Bosne_i_Hercegovine,8,4,89,2142,32,0,1,2276
Hrvati_izvan_Hrvatske,3,10,194,4635,1,0,1,4844
Hrvatski_književnici_iz_Bosne_i_Hercegovine,24,9,9,411,1,0,1,455
Hrvatske_povijesne_regije,7,6,425,9280,25,0,2,9745
Hrvatski_poluotoci,10,2,67,1780,32,0,1,1892
Državna_uprava_u_Hrvatskoj,33,3,782,19596,1,0,1,20416
Županije,1,4,978,24419,48,0,1,25451
Hrvatski_pjevači,166,2,2,198,42,0,4,414
Hrvatski_scenski_umjetnici,18,5,5,830,1,0,2,861
Operni_pjevači,48,2,3,102,69,0,4,228
Hrvatski_političari,93,15,26,1070,67,0,1,1272
Nacionalna_sigurnost,14,4,30,434,71,0,7,560
Wikipedijine_slike,0,8,134,8,79,0,1,230
Glazba_po_državama,0,37,644,9266,89,0,1,10037
Kršćanske_konfesije,11,8,380,4342,72,0,1,4814
Filmski_glumci_po_državama,0,34,41,2487,44,0,2,2608
Hrvatski_filmski_umjetnici,14,8,8,825,0,0,1,856
Hrvatski_glumci,4,3,3,767,44,0,2,823
Države_u_Africi,0,55,554,4464,180,0,1,5254
Elektronički_mediji,7,8,230,5101,1,0,1,5348
Računarstvo,245,35,197,2761,133,0,3,3374
Wikipedija,10,29,19442,192220,239,0,7,211947
Medicinske_specijalnosti,5,18,171,1544,82,0,1,1821
Medicina,42,24,304,4101,172,0,1,4644
Televizijske_serije_po_žanru,0,8,93,1224,53,0,1,1379
Indoeuropski_jezici,19,13,177,1638,145,0,1,1993
Slaveni,13,5,345,6772,72,0,5,7212
Hrvatski_športaši,55,25,74,2716,58,0,2,2930
Nogomet_u_Hrvatskoj,32,20,435,3462,56,0,1,4006
Nogometaši_po_državama,0,65,108,3086,83,0,2,3344
Nogomet,31,17,1215,8026,163,0,2,9454
Hrvatski_športski_klubovi,25,26,222,3608,32,0,1,3914
Nogometni_klubovi_po_državama,0,42,257,4173,67,0,1,4540
Športski_klubovi,0,22,513,6126,61,0,2,6724
Košarka,20,10,201,2336,101,0,1,2669
Košarka_u_Hrvatskoj,9,11,40,591,33,0,2,686
Košarkaški_klubovi_po_državama,0,16,44,505,33,0,1,599
Košarkaši_po_državama,0,29,49,1208,50,0,1,1337
Gradovi_u_Primorsko-goranskoj_županiji,13,8,31,779,10,0,1,842
Genealogija,15,3,5,190,83,0,1,297
Imena,83,3,5,190,70,0,1,352
Povijest_Turske,39,4,19,390,98,0,2,552
Sporni_članci,0,6,6,104,0,0,2,118
Međunarodna_športska_natjecanja,21,20,260,3388,38,0,1,3728
Višešportska_natjecanja,11,6,102,1512,53,0,1,1685
Zemljopis_Rusije,63,9,132,944,116,0,1,1265
Zemljopis_po_državama,0,156,2915,55225,127,0,1,58424
Kriptologija,3,2,5,53,15,0,4,82
Planine_po_državama,0,35,54,640,83,0,3,815
Planine_u_Europi,5,23,41,547,82,0,3,701
Zemljopis_Bosne_i_Hercegovine,41,16,286,7764,71,0,3,8181
Rijeke_po_državama,0,106,126,1069,95,0,14,1410
Rijeke_u_Europi,3,37,52,712,108,0,14,926
Zemljopis_Slovenije,19,11,114,3461,76,0,1,3682
Zemljopis_Mađarske,29,13,77,2099,90,0,1,2309
Zemljopis_Austrije,15,6,33,520,90,0,1,665
Otoci_Jadranskog_mora,142,4,63,1698,34,0,1,1942
Otoci_po_državama,0,26,124,2269,90,0,1,2510
Otoci_u_Europi,33,24,136,2194,80,0,1,2468
Suvremena_povijest,6,6,312,5319,55,0,5,5703
Vojna_povijest_20._stoljeća,6,3,174,2558,0,0,4,2745
Povijest_Bosne_i_Hercegovine,44,16,414,4111,61,0,2,4648
Povijest_Crne_Gore,70,17,373,3279,64,0,2,3805
Povijest_Sjeverne_Makedonije,42,8,359,3041,49,0,2,3501
Povijest_Slovenije,31,5,371,3406,66,0,2,3881
Povijest_Srbije,66,21,428,4167,76,0,2,4760
Povijest_religija,6,6,23,617,79,0,2,733
Srednji_vijek,92,17,157,2101,119,0,1,2487
Države_u_Južnoj_Americi,0,13,388,3757,135,0,3,4296
Povijest_filozofije,7,5,38,307,70,0,8,435
Antička_filozofija,6,4,18,131,54,0,1,214
Filozofi_po_razdobljima,0,4,16,217,48,0,1,286
Bosanska_i_humska_vlastela,32,5,5,56,10,0,9,117
Vladarske_dinastije,91,44,74,1186,7,0,4,1406
Srednjovjekovna_filozofija,3,2,4,37,50,0,1,97
Psihologija,218,10,119,1736,161,0,8,2252
Bosna_i_Hercegovina_pod_Austro-Ugarskom,22,5,21,464,0,0,9,521
Habsburška_Monarhija,60,2,17,396,27,0,9,511
Hrvatska_povijest_1790.-1918.,175,15,39,1055,1,0,9,1294
Povijest_Austrije,34,5,22,534,90,0,4,689
Povijest_Italije,72,16,179,2585,106,0,2,2960
Povijest_Mađarske,84,6,23,560,85,0,4,762
Povijest_Rumunjske,50,8,27,540,73,0,9,707
Povijest_Slovačke,33,6,27,528,70,0,9,673
Povijest_Slovenije_976.-1918.,5,3,18,455,0,0,9,490
Povijest_Češke,33,7,27,553,77,0,4,701
Vojvodina,92,18,160,2775,50,0,1,3096
Mediji,64,15,389,9232,128,0,1,9829
Novinarstvo,49,4,38,1392,114,0,1,1598
Pisci,63,4,198,4935,0,0,3,5203
Indoarijski_narodi,7,3,7,55,20,0,2,94
Indoeuropljani,6,12,454,8162,58,0,5,8697
Ruske_oblasti,21,48,55,404,80,0,1,609
Sjeverozapadni_savezni_okrug,9,10,10,96,43,0,1,169
Arhitektura,70,12,1990,32199,169,0,2,34442
Nagrađeni_filmski_umjetnici,9,10,38,725,0,0,1,783
Oscar,22,2,18,496,83,0,2,623
Liječnici_po_državama,0,11,11,352,68,0,1,443
Igre_na_ploči,11,1,58,313,73,0,1,457
Zemljopis_Italije,41,9,66,1292,114,0,1,1523
Izvođači_klasične_glazbe,6,7,24,532,44,0,3,616
Narodi,68,35,1737,14368,5,0,5,16218
Privolški_savezni_okrug,9,14,16,174,42,0,1,256
Ruske_republike,0,21,23,219,91,0,1,355
Operacijski_sustavi,55,7,10,135,113,0,1,321
Unix,10,2,4,68,67,0,13,164
Astronomi_po_državama,0,11,11,196,67,0,3,288
Astronomija_u_Hrvatskoj,22,2,2,44,8,0,2,80
Ujedinjeno_Kraljevstvo,48,25,410,4763,207,0,1,5454
Pismo,61,8,11,214,119,0,1,414
Teologija,103,4,21,565,109,0,1,803
Liječništvo,9,2,25,644,0,0,1,681
Osobe_u_zdravstvu,9,2,21,588,0,0,1,621
Ruski_krajevi,6,7,9,88,66,0,1,177
Sibirski_savezni_okrug,13,14,15,94,39,0,1,176
Dalekoistočni_savezni_okrug,9,8,8,64,38,0,1,128
Uralski_savezni_okrug,5,6,6,38,38,0,3,96
Središnji_savezni_okrug,11,18,21,235,41,0,1,327
Slikarstvo,79,9,133,1987,126,0,1,2335
Hrvatski_likovni_umjetnici,40,7,14,694,1,0,1,757
Slikari_po_državama,0,21,29,867,86,0,1,1004
Hrvatska_likovna_umjetnost,30,2,16,718,2,0,1,769
Kipari_po_državama,0,6,8,209,62,0,1,286
Književnici,59,13,171,4296,180,0,1,4720
Znanstvena_fantastika,74,5,24,460,85,0,1,649
Zemljopis_Njemačke,35,9,76,1058,107,0,2,1287
Filmski_redatelji_po_državama,0,17,18,436,67,0,1,539
Računala,82,3,4,107,115,0,1,312
Crtači_stripa,23,1,1,36,40,0,1,102
Hrvatski_strip,6,1,1,36,3,0,1,48
Strip,42,11,62,745,104,0,1,965
Ples,49,4,6,96,134,0,1,290
Fizika_elementarnih_čestica,38,1,1,27,87,0,1,155
Nuklearna_fizika,131,2,6,80,90,0,3,312
Organizacije_u_Hrvatskoj,15,3,29,695,25,0,1,768
Političke_stranke_po_državama,0,12,47,745,79,0,1,884
Federacija_Bosne_i_Hercegovine,22,3,220,5268,29,0,1,5543
Izmišljeni_likovi,32,10,82,1326,91,0,5,1546
Južni_savezni_okrug,11,13,13,91,43,0,1,172
Šah,27,13,57,289,99,0,2,487
Letjelice,5,3,112,918,1,0,2,1041
Ruski_savezni_gradovi,2,2,4,108,0,0,1,117
Promet,34,15,575,5828,167,0,2,6621
