Nazwa_kategorii,Ilość_bezpośrednich_artykułów,Ilość_bezpośrednich_subkategorii,Ilość_subkategorii ,Ilość_artykułów,Liczba_wersji_językowych,Liczba_wyświetleń_strony_kategorii_w_2019,Liczba_wyświetleń_artykułów_11.08.2019,Suma_punktów,Ocena_jakości
Povijest_Europe,5,42,1623,23180,134,0,1,24985,Good
Povijest_Europe,5,42,1623,23180,134,0,1,24985,Good
Književnost,83,26,443,10985,208,0,3,11748,Good
Društvene_znanosti,42,21,12485,148880,160,0,1,161589,Good
Religija,68,19,883,9833,240,0,2,11045,Good
Primijenjene_znanosti,39,22,4342,62429,117,0,4,66953,Good
Kalendar,57,15,482,22631,161,0,38,23384,Good
Kultura,96,36,8187,86711,210,0,3,95243,Good
Biologija,93,32,8794,71966,220,0,1,81106,Good
Jezikoslovlje,107,24,1519,9092,178,0,6,10926,Good
Države_u_Europi,0,50,7462,84639,192,0,3,92346,Good
Scenska_umjetnost,17,9,71,2822,78,0,1,2998,Good
Kršćanstvo,172,31,607,6916,209,0,2,7937,Good
Tehnologija,158,23,867,12462,165,0,1,13676,Good
Znanje,3,4,17939,181182,105,0,7,199240,Good
Umjetnost,54,22,4410,61900,206,0,2,66594,Good
Politika_Hrvatske,57,11,863,20866,56,0,1,21854,Good
Glazba,138,36,1081,12079,217,0,1,13552,Good
Znanost,65,33,17936,181151,239,0,7,199431,Good
Geologija,73,22,10762,120982,165,0,3,132007,Good
Astronomija,162,23,265,10773,215,0,1,11439,Good
Matematika,142,19,56,861,227,0,1,1306,Good
Fizika,92,23,1099,36231,201,0,7,37653,Good
Povijest_Rusije,147,10,53,905,113,0,1,1229,Good
Ekonomija,85,23,1344,18575,182,0,1,20210,Good
Filozofija,106,17,1076,34825,199,0,7,36230,Good
Geografija,47,14,11185,122347,244,0,1,133838,Good
Povijest_Grčke,48,8,72,807,102,0,8,1045,Good
Fizička_geografija,44,7,10742,120697,95,0,1,131586,Good
Kiparstvo,42,7,51,1091,108,0,3,1302,Good
Kemija,256,25,721,10165,210,0,1,11378,Good
Antropogeografija,21,9,10947,120959,87,0,1,132024,Good
Sveta_Stolica,33,6,30,490,49,0,3,611,Good
Komunikacije,75,15,428,9849,138,0,1,10506,Good
Medicina,42,24,304,4101,172,0,1,4644,Good
Indoeuropski_jezici,19,13,177,1638,145,0,1,1993,Good
Genealogija,15,3,5,190,83,0,1,297,Good
Povijest_filozofije,7,5,38,307,70,0,8,435,Good
Psihologija,218,10,119,1736,161,0,8,2252,Good
Povijest_Austrije,34,5,22,534,90,0,4,689,Good
Povijest_Italije,72,16,179,2585,106,0,2,2960,Good
Povijest_Mađarske,84,6,23,560,85,0,4,762,Good
Arhitektura,70,12,1990,32199,169,0,2,34442,Good
Ujedinjeno_Kraljevstvo,48,25,410,4763,207,0,1,5454,Good
Pismo,61,8,11,214,119,0,1,414,Good
Slikarstvo,79,9,133,1987,126,0,1,2335,Good
Promet,34,15,575,5828,167,0,2,6621,Good
Pravedna_uporaba,0,22,56,3,42,0,2,125,Bad
Slike_prema_autorskom_pravu,0,6,89,7,43,0,2,147,Bad
Wikipedijine_slike,0,8,134,8,79,0,1,230,Bad
Neptun,3,1,1,17,76,0,0,98,Bad
Enigmatika,13,1,1,20,53,0,1,89,Bad
Fizika_elementarnih_čestica,38,1,1,27,87,0,1,155,Bad
Uran,4,1,1,30,78,0,2,116,Bad
Crtači_stripa,23,1,1,36,40,0,1,102,Bad
Hrvatski_strip,6,1,1,36,3,0,1,48,Bad
Srednjovjekovna_filozofija,3,2,4,37,50,0,1,97,Bad
Uralski_savezni_okrug,5,6,6,38,38,0,3,96,Bad
Religija_u_Japanu,3,2,4,43,56,0,6,114,Bad
Astronomija_u_Hrvatskoj,22,2,2,44,8,0,2,80,Bad
Povijest_Crne_Gore_1989._-_2006.,16,2,4,49,0,0,24,95,Bad
Kriptologija,3,2,5,53,15,0,4,82,Bad
Indoarijski_narodi,7,3,7,55,20,0,2,94,Bad
Bosanska_i_humska_vlastela,32,5,5,56,10,0,9,117,Bad
Dalekoistočni_savezni_okrug,9,8,8,64,38,0,1,128,Bad
Saturn,7,1,1,66,82,0,1,158,Bad
Unix,10,2,4,68,67,0,13,164,Bad
Jupiter,10,1,1,74,86,0,4,176,Bad
Etničke_grupe_Australije,25,2,5,80,39,0,1,152,Bad
Nuklearna_fizika,131,2,6,80,90,0,3,312,Bad
Računalni_jezici,8,3,5,87,62,0,1,166,Bad
Ruski_krajevi,6,7,9,88,66,0,1,177,Bad
Valpovo,1,3,4,91,3,0,1,103,Bad
Južni_savezni_okrug,11,13,13,91,43,0,1,172,Bad
Sibirski_savezni_okrug,13,14,15,94,39,0,1,176,Bad
Sjeverozapadni_savezni_okrug,9,10,10,96,43,0,1,169,Bad
Ples,49,4,6,96,134,0,1,290,Bad
Povijest_Bosne_i_Hercegovine_1102.-1463.,57,2,7,100,0,0,4,170,Bad
Operni_pjevači,48,2,3,102,69,0,4,228,Bad
Sporni_članci,0,6,6,104,0,0,2,118,Bad
Računala,82,3,4,107,115,0,1,312,Bad
Ruski_savezni_gradovi,2,2,4,108,0,0,1,117,Bad
Antička_filozofija,6,4,18,131,54,0,1,214,Bad
Operacijski_sustavi,55,7,10,135,113,0,1,321,Bad
Američki_političari,34,15,15,147,118,0,3,332,Bad
Privolški_savezni_okrug,9,14,16,174,42,0,1,256,Bad
Politika_SAD-a,65,5,17,185,97,0,3,372,Bad
Genealogija,15,3,5,190,83,0,1,297,Bad
Imena,83,3,5,190,70,0,1,352,Bad
Astronomi_po_državama,0,11,11,196,67,0,3,288,Bad
Hrvatski_pjevači,166,2,2,198,42,0,4,414,Bad
Kipari_po_državama,0,6,8,209,62,0,1,286,Bad
Pismo,61,8,11,214,119,0,1,414,Bad
Filozofi_po_razdobljima,0,4,16,217,48,0,1,286,Bad
Ruske_republike,0,21,23,219,91,0,1,355,Bad
Prirodni_sateliti,12,6,8,224,83,0,4,337,Bad
Središnji_savezni_okrug,11,18,21,235,41,0,1,327,Bad
Klase_automobila,15,13,13,241,37,0,1,320,Bad
Geofizika,14,4,14,243,92,0,1,368,Bad
Dramatici,50,4,7,250,95,0,1,407,Bad
Scenaristi,49,1,8,263,76,0,3,400,Bad
Onomastika,19,1,6,266,68,0,1,361,Bad
Predsjednici_po_državama,2,33,34,282,72,0,1,424,Bad
Grbovi,57,6,33,286,68,0,1,451,Bad
Hrvatski_katolički_svećenici,504,1,4,288,14,0,1,812,Bad
Šah,27,13,57,289,99,0,2,487,Bad
Esejisti,71,5,7,298,55,0,1,437,Bad
Povijest_filozofije,7,5,38,307,70,0,8,435,Bad
Romanopisci,91,4,7,309,64,0,4,479,Bad
Jezikoslovci,59,5,28,311,116,0,3,522,Bad
Igre_na_ploči,11,1,58,313,73,0,1,457,Bad
Gramatika,36,7,11,329,123,0,1,507,Bad
Liječnici_po_državama,0,11,11,352,68,0,1,443,Bad
Starogrčka_književnost,16,3,22,385,69,0,5,500,Bad
Povijest_Turske,39,4,19,390,98,0,2,552,Bad
Povijest_Sjeverne_Amerike,11,4,43,396,70,0,3,527,Bad
Habsburška_Monarhija,60,2,17,396,27,0,9,511,Bad
Ruske_oblasti,21,48,55,404,80,0,1,609,Bad
Hrvatski_književnici_iz_Bosne_i_Hercegovine,24,9,9,411,1,0,1,455,Bad
Hercegbosanska_županija,13,7,13,417,10,0,2,462,Bad
Meteorologija,109,7,12,431,139,0,1,699,Bad
Slavenska_kultura,17,2,31,433,38,0,6,527,Bad
Nacionalna_sigurnost,14,4,30,434,71,0,7,560,Bad
Filmski_redatelji_po_državama,0,17,18,436,67,0,1,539,Bad
Hrvatski_jezik,99,9,16,437,57,0,1,619,Bad
Povijest_Slovenije_976.-1918.,5,3,18,455,0,0,9,490,Bad
Znanstvena_fantastika,74,5,24,460,85,0,1,649,Bad
Bosna_i_Hercegovina_pod_Austro-Ugarskom,22,5,21,464,0,0,9,521,Bad
Povijest_Srbije_1989._-_2006.,30,5,30,478,0,0,1,544,Bad
Sveta_Stolica,33,6,30,490,49,0,3,611,Bad
Oscar,22,2,18,496,83,0,2,623,Bad
Košarkaški_klubovi_po_državama,0,16,44,505,33,0,1,599,Bad
Zemljopis_Austrije,15,6,33,520,90,0,1,665,Bad
Japanska_kultura,32,4,58,521,97,0,1,713,Bad
Povijest_Slovačke,33,6,27,528,70,0,9,673,Bad
Izvođači_klasične_glazbe,6,7,24,532,44,0,3,616,Bad
Povijest_Austrije,34,5,22,534,90,0,4,689,Bad
Povijest_Rumunjske,50,8,27,540,73,0,9,707,Bad
Planine_u_Europi,5,23,41,547,82,0,3,701,Bad
Državni_simboli,4,5,17,550,19,0,2,597,Bad
Povijest_Češke,33,7,27,553,77,0,4,701,Bad
Povijest_Mađarske,84,6,23,560,85,0,4,762,Bad
Skladatelji_po_državama,0,17,17,561,78,0,2,675,Bad
Teologija,103,4,21,565,109,0,1,803,Bad
Atletika,47,7,79,569,83,0,1,786,Bad
Južnoslavenski_jezici,17,7,24,577,56,0,1,682,Bad
